{
  "type" : "arObject",
  "data" : {
    "center" : [
      -0.00020876526832580566,
      0.32814806699752808,
      -3.8117170333862305e-05
    ],
    "scale" : [
      1,
      1,
      1
    ],
    "extent" : [
      0.68422406911849976,
      0.6556166410446167,
      0.41921144723892212
    ]
  }
}